Date,Open,High,Low,Close,Volume,Company
04-01-2020,102.6100006,105.3700027,102,105.3499985,67649400,APPLE
05-01-2020,105.75,105.8499985,102.4100037,102.7099991,55791000,APPLE
06-01-2020,100.5599976,102.3700027,99.87000275,100.6999969,68457400,APPLE
07-01-2020,98.68000031,100.1299973,96.43000031,96.44999695,81094400,APPLE
08-01-2020,98.55000305,99.11000061,96.76000214,96.95999908,70798000,APPLE
11-01-2020,98.97000122,99.05999756,97.33999634,98.52999878,49739400,APPLE
12-01-2020,100.5500031,100.6900024,98.83999634,99.95999908,49154200,APPLE
13-01-2020,100.3199997,101.1900024,97.30000305,97.38999939,62439600,APPLE
14-01-2020,97.95999908,100.4800034,95.73999786,99.51999664,63170100,APPLE
15-01-2020,96.19999695,97.70999908,95.36000061,97.12999725,79833900,APPLE
19-01-2020,98.41000366,98.65000153,95.5,96.66000366,53087700,APPLE
20-01-2020,95.09999847,98.19000244,93.41999817,96.79000092,72334400,APPLE
21-01-2020,97.05999756,97.87999725,94.94000244,96.30000305,52161500,APPLE
22-01-2020,98.62999725,101.4599991,98.37000275,101.4199982,65800500,APPLE
25-01-2020,101.5199966,101.5299988,99.20999908,99.44000244,51794500,APPLE
26-01-2020,99.93000031,100.8799973,98.06999969,99.98999786,75077000,APPLE
27-01-2020,96.04000092,96.62999725,93.33999634,93.41999817,133369700,APPLE
28-01-2020,93.79000092,94.51999664,92.38999939,94.08999634,55678800,APPLE
29-01-2020,94.79000092,97.33999634,94.34999847,97.33999634,64416500,APPLE
01-02-2020,96.47000122,96.70999908,95.40000153,96.43000031,40943500,APPLE
02-02-2020,95.41999817,96.04000092,94.27999878,94.48000336,37357200,APPLE
03-02-2020,95,96.83999634,94.08000183,96.34999847,45964300,APPLE
04-02-2020,95.86000061,97.33000183,95.19000244,96.59999847,46471700,APPLE
05-02-2020,96.51999664,96.91999817,93.69000244,94.01999664,46418100,APPLE
08-02-2020,93.12999725,95.69999695,93.04000092,95.01000214,54021400,APPLE
09-02-2020,94.29000092,95.94000244,93.93000031,94.98999786,44331200,APPLE
10-02-2020,95.91999817,96.34999847,94.09999847,94.26999664,42343600,APPLE
11-02-2020,93.79000092,94.72000122,92.58999634,93.69999695,50074700,APPLE
12-02-2020,94.19000244,94.5,93.01000214,93.98999786,40351400,APPLE
16-02-2020,95.01999664,96.84999847,94.61000061,96.63999939,49057900,APPLE
17-02-2020,96.66999817,98.20999908,96.15000153,98.12000275,44863200,APPLE
18-02-2020,98.83999634,98.88999939,96.08999634,96.26000214,39021000,APPLE
19-02-2020,96,96.76000214,95.80000305,96.04000092,35374200,APPLE
22-02-2020,96.30999756,96.90000153,95.91999817,96.87999725,34280800,APPLE
23-02-2020,96.40000153,96.5,94.55000305,94.69000244,31942600,APPLE
24-02-2020,93.98000336,96.37999725,93.31999969,96.09999847,36255700,APPLE
25-02-2020,96.05000305,96.76000214,95.25,96.76000214,27582700,APPLE
26-02-2020,97.19999695,98.01999664,96.58000183,96.91000366,28991100,APPLE
29-02-2020,96.86000061,98.23000336,96.65000153,96.69000244,35216300,APPLE
01-03-2020,97.65000153,100.7699966,97.41999817,100.5299988,50407100,APPLE
02-03-2020,100.5100021,100.8899994,99.63999939,100.75,33169600,APPLE
03-03-2020,100.5800018,101.7099991,100.4499969,101.5,36955700,APPLE
04-03-2020,102.3700027,103.75,101.3700027,103.0100021,46055100,APPLE
07-03-2020,102.3899994,102.8300018,100.9599991,101.8700027,35828900,APPLE
08-03-2020,100.7799988,101.7600021,100.4000015,101.0299988,31561900,APPLE
09-03-2020,101.3099976,101.5800018,100.2699966,101.1200027,27201700,APPLE
10-03-2020,101.4100037,102.2399979,100.1500015,101.1699982,33513600,APPLE
11-03-2020,102.2399979,102.2799988,101.5,102.2600021,27408200,APPLE
14-03-2020,101.9100037,102.9100037,101.7799988,102.5199966,25076100,APPLE
15-03-2020,103.9599991,105.1800003,103.8499985,104.5800018,40067700,APPLE
16-03-2020,104.6100006,106.3099976,104.5899963,105.9700012,38303500,APPLE
17-03-2020,105.5199966,106.4700012,104.9599991,105.8000031,34420700,APPLE
18-03-2020,106.3399963,106.5,105.1900024,105.9199982,44205200,APPLE
21-03-2020,105.9300003,107.6500015,105.1399994,105.9100037,35502700,APPLE
22-03-2020,105.25,107.2900009,105.2099991,106.7200012,32444400,APPLE
23-03-2020,106.4800034,107.0699997,105.9000015,106.1299973,25703500,APPLE
24-03-2020,105.4700012,106.25,104.8899994,105.6699982,26133000,APPLE
28-03-2020,106,106.1900024,105.0599976,105.1900024,19411400,APPLE
29-03-2020,104.8899994,107.7900009,104.8799973,107.6800003,31190100,APPLE
30-03-2020,108.6500015,110.4199982,108.5999985,109.5599976,45601100,APPLE
31-03-2020,109.7200012,109.9000015,108.8799973,108.9899979,25888400,APPLE
01-04-2020,108.7799988,110,108.1999969,109.9899979,25874000,APPLE
04-04-2020,110.4199982,112.1900024,110.2699966,111.1200027,37356200,APPLE
05-04-2020,109.5100021,110.7300034,109.4199982,109.8099976,26578700,APPLE
06-04-2020,110.2300034,110.9800034,109.1999969,110.9599991,26404100,APPLE
07-04-2020,109.9499969,110.4199982,108.1200027,108.5400009,31801900,APPLE
08-04-2020,108.9100037,109.7699966,108.1699982,108.6600037,23581700,APPLE
11-04-2020,108.9700012,110.6100006,108.8300018,109.0199966,29407500,APPLE
12-04-2020,109.3399963,110.5,108.6600037,110.4400024,27232300,APPLE
13-04-2020,110.8000031,112.3399963,110.8000031,112.0400009,33257300,APPLE
14-04-2020,111.6200027,112.3899994,111.3300018,112.0999985,25473900,APPLE
15-04-2020,112.1100006,112.3000031,109.7300034,109.8499985,46939000,APPLE
18-04-2020,108.8899994,108.9499969,106.9400024,107.4800034,60821500,APPLE
19-04-2020,107.8799973,108,106.2300034,106.9100037,32384900,APPLE
20-04-2020,106.6399994,108.0899963,106.0599976,107.1299973,30611000,APPLE
21-04-2020,106.9300003,106.9300003,105.5199966,105.9700012,31552500,APPLE
22-04-2020,105.0100021,106.4800034,104.6200027,105.6800003,33683100,APPLE
25-04-2020,105,105.6500015,104.5100021,105.0800018,28031600,APPLE
26-04-2020,103.9100037,105.3000031,103.9100037,104.3499985,56016200,APPLE
27-04-2020,96,98.70999908,95.68000031,97.81999969,114602100,APPLE
28-04-2020,97.61000061,97.87999725,94.25,94.83000183,82242700,APPLE
29-04-2020,93.98999786,94.72000122,92.51000214,93.73999786,68531500,APPLE
02-05-2020,93.97000122,94.08000183,92.40000153,93.63999939,48160100,APPLE
03-05-2020,94.19999695,95.73999786,93.68000031,95.18000031,56831300,APPLE
04-05-2020,95.19999695,95.90000153,93.81999969,94.19000244,41025500,APPLE
05-05-2020,94,94.06999969,92.68000031,93.23999786,35890500,APPLE
06-05-2020,93.37000275,93.44999695,91.84999847,92.72000122,43699900,APPLE
09-05-2020,93,93.76999664,92.58999634,92.79000092,32936400,APPLE
10-05-2020,93.33000183,93.56999969,92.11000061,93.41999817,33686800,APPLE
11-05-2020,93.48000336,93.56999969,92.45999908,92.51000214,28719100,APPLE
12-05-2020,92.72000122,92.77999878,89.47000122,90.33999634,76314700,APPLE
13-05-2020,90,91.66999817,90,90.51999664,44392800,APPLE
16-05-2020,92.38999939,94.38999939,91.65000153,93.87999725,61259800,APPLE
17-05-2020,94.55000305,94.69999695,93.01000214,93.48999786,46916900,APPLE
18-05-2020,94.16000366,95.20999908,93.88999939,94.55999756,42062400,APPLE
19-05-2020,94.63999939,94.63999939,93.56999969,94.19999695,30442100,APPLE
20-05-2020,94.63999939,95.43000031,94.51999664,95.22000122,32026000,APPLE
23-05-2020,95.87000275,97.19000244,95.66999817,96.43000031,38018600,APPLE
24-05-2020,97.22000122,98.08999634,96.83999634,97.90000153,35140200,APPLE
25-05-2020,98.66999817,99.73999786,98.11000061,99.62000275,38168800,APPLE
26-05-2020,99.68000031,100.7300034,98.63999939,100.4100037,56331200,APPLE
27-05-2020,99.44000244,100.4700012,99.25,100.3499985,36341200,APPLE
31-05-2020,99.59999847,100.4000015,98.81999969,99.86000061,42307200,APPLE
01-06-2020,99.01999664,99.54000092,98.33000183,98.45999908,29173300,APPLE
02-06-2020,97.59999847,97.83999634,96.62999725,97.72000122,40191600,APPLE
03-06-2020,97.79000092,98.26999664,97.44999695,97.91999817,28504900,APPLE
06-06-2020,97.98999786,101.8899994,97.55000305,98.62999725,23292500,APPLE
07-06-2020,99.25,99.87000275,98.95999908,99.02999878,22409500,APPLE
08-06-2020,99.01999664,99.55999756,98.68000031,98.94000244,20848100,APPLE
09-06-2020,98.5,99.98999786,98.45999908,99.65000153,26601400,APPLE
10-06-2020,98.52999878,99.34999847,98.48000336,98.83000183,31712900,APPLE
13-06-2020,98.69000244,99.12000275,97.09999847,97.33999634,38020500,APPLE
14-06-2020,97.31999969,98.48000336,96.75,97.45999908,31931900,APPLE
15-06-2020,97.81999969,98.41000366,97.02999878,97.13999939,29445200,APPLE
16-06-2020,96.44999695,97.75,96.06999969,97.55000305,31326800,APPLE
17-06-2020,96.62000275,96.65000153,95.30000305,95.33000183,61008200,APPLE
20-06-2020,96,96.56999969,95.02999878,95.09999847,34411900,APPLE
21-06-2020,94.94000244,96.34999847,94.68000031,95.91000366,35546400,APPLE
22-06-2020,96.25,96.88999939,95.34999847,95.55000305,29219100,APPLE
23-06-2020,95.94000244,96.29000092,95.25,96.09999847,32240200,APPLE
24-06-2020,92.91000366,94.66000366,92.65000153,93.40000153,75311400,APPLE
27-06-2020,93,93.05000305,91.5,92.04000092,45489600,APPLE
28-06-2020,92.90000153,93.66000366,92.13999939,93.58999634,40444900,APPLE
29-06-2020,93.97000122,94.55000305,93.62999725,94.40000153,36531000,APPLE
30-06-2020,94.44000244,95.76999664,94.30000305,95.59999847,35836400,APPLE
01-07-2020,95.48999786,96.47000122,95.33000183,95.88999939,26026500,APPLE
05-07-2020,95.38999939,95.40000153,94.45999908,94.98999786,27705200,APPLE
06-07-2020,94.59999847,95.66000366,94.37000275,95.52999878,30949100,APPLE
07-07-2020,95.69999695,96.5,95.62000275,95.94000244,25139600,APPLE
08-07-2020,96.48999786,96.88999939,96.05000305,96.68000031,28912100,APPLE
11-07-2020,96.75,97.65000153,96.73000336,96.98000336,23794900,APPLE
12-07-2020,97.16999817,97.69999695,97.12000275,97.41999817,24167500,APPLE
13-07-2020,97.41000366,97.66999817,96.83999634,96.87000275,25892200,APPLE
14-07-2020,97.38999939,98.98999786,97.31999969,98.79000092,38919000,APPLE
15-07-2020,98.91999817,99.30000305,98.5,98.77999878,30137000,APPLE
18-07-2020,98.69999695,100.1299973,98.59999847,99.83000183,36493900,APPLE
19-07-2020,99.55999756,100,99.33999634,99.87000275,23779900,APPLE
20-07-2020,100,100.4599991,99.73999786,99.95999908,26276000,APPLE
21-07-2020,99.83000183,101,99.12999725,99.43000031,32702000,APPLE
22-07-2020,99.26000214,99.30000305,98.30999756,98.66000366,28313700,APPLE
25-07-2020,98.25,98.83999634,96.91999817,97.33999634,40382900,APPLE
26-07-2020,96.81999969,97.97000122,96.41999817,96.66999817,56239800,APPLE
27-07-2020,104.2699966,104.3499985,102.75,102.9499969,92344800,APPLE
28-07-2020,102.8300018,104.4499969,102.8199997,104.3399963,39869800,APPLE
29-07-2020,104.1900024,104.5500031,103.6800003,104.2099991,27733700,APPLE
01-08-2020,104.4100037,106.1500015,104.4100037,106.0500031,38167900,APPLE
02-08-2020,106.0500031,106.0699997,104,104.4800034,33816600,APPLE
03-08-2020,104.8099976,105.8399963,104.7699966,105.7900009,30202600,APPLE
04-08-2020,105.5800018,106,105.2799988,105.8700027,27408700,APPLE
05-08-2020,106.2699966,107.6500015,106.1800003,107.4800034,40553400,APPLE
08-08-2020,107.5199966,108.3700027,107.1600037,108.3700027,28037200,APPLE
09-08-2020,108.2300034,108.9400024,108.0100021,108.8099976,26315200,APPLE
10-08-2020,108.7099991,108.9000015,107.7600021,108,24008500,APPLE
11-08-2020,108.5199966,108.9300003,107.8499985,107.9300003,27484500,APPLE
12-08-2020,107.7799988,108.4400024,107.7799988,108.1800003,18660400,APPLE
15-08-2020,108.1399994,109.5400009,108.0800018,109.4800034,25868200,APPLE
16-08-2020,109.6299973,110.2300034,109.2099991,109.3799973,33794400,APPLE
17-08-2020,109.0999985,109.3700027,108.3399963,109.2200012,25356000,APPLE
18-08-2020,109.2300034,109.5999985,109.0199966,109.0800018,21984700,APPLE
19-08-2020,108.7699966,109.6900024,108.3600006,109.3600006,25368100,APPLE
22-08-2020,108.8600006,109.0999985,107.8499985,108.5100021,25820200,APPLE
23-08-2020,108.5899963,109.3199997,108.5299988,108.8499985,21257700,APPLE
24-08-2020,108.5699997,108.75,107.6800003,108.0299988,23675100,APPLE
25-08-2020,107.3899994,107.8799973,106.6800003,107.5699997,25086200,APPLE
26-08-2020,107.4100037,107.9499969,106.3099976,106.9400024,27766300,APPLE
29-08-2020,106.6200027,107.4400024,106.2900009,106.8199997,24970300,APPLE
30-08-2020,105.8000031,106.5,105.5,106,24863900,APPLE
31-08-2020,105.6600037,106.5699997,105.6399994,106.0999985,29662400,APPLE
01-09-2020,106.1399994,106.8000031,105.6200027,106.7300034,26701500,APPLE
02-09-2020,107.6999969,108,106.8199997,107.7300034,26802500,APPLE
06-09-2020,107.9000015,108.3000031,107.5100021,107.6999969,26880400,APPLE
07-09-2020,107.8300018,108.7600021,107.0699997,108.3600006,42364300,APPLE
08-09-2020,107.25,107.2699966,105.2399979,105.5199966,53002000,APPLE
09-09-2020,104.6399994,105.7200012,103.1299973,103.1299973,46557000,APPLE
12-09-2020,102.6500015,105.7200012,102.5299988,105.4400024,45292800,APPLE
13-09-2020,107.5100021,108.7900009,107.2399979,107.9499969,62176200,APPLE
14-09-2020,108.7300034,113.0299988,108.5999985,111.7699966,110888700,APPLE
15-09-2020,113.8600006,115.7300034,113.4899979,115.5699997,89983600,APPLE
16-09-2020,115.1200027,116.1299973,114.0400009,114.9199982,79886900,APPLE
19-09-2020,115.1900024,116.1800003,113.25,113.5800018,47023000,APPLE
20-09-2020,113.0500031,114.1200027,112.5100021,113.5699997,34514300,APPLE
21-09-2020,113.8499985,113.9899979,112.4400024,113.5500031,36003200,APPLE
22-09-2020,114.3499985,114.9400024,114,114.6200027,31074000,APPLE
23-09-2020,114.4199982,114.7900009,111.5500031,112.7099991,52481200,APPLE
26-09-2020,111.6399994,113.3899994,111.5500031,112.8799973,29869400,APPLE
27-09-2020,113,113.1800003,112.3399963,113.0899963,24607400,APPLE
28-09-2020,113.6900024,114.6399994,113.4300003,113.9499969,29641100,APPLE
29-09-2020,113.1600037,113.8000031,111.8000031,112.1800003,35887000,APPLE
30-09-2020,112.4599991,113.3700027,111.8000031,113.0500031,36379100,APPLE
03-10-2020,112.7099991,113.0500031,112.2799988,112.5199966,21701800,APPLE
04-10-2020,113.0599976,114.3099976,112.6299973,113,29736800,APPLE
05-10-2020,113.4000015,113.6600037,112.6900024,113.0500031,21453100,APPLE
06-10-2020,113.6999969,114.3399963,113.1299973,113.8899994,28779300,APPLE
07-10-2020,114.3099976,114.5599976,113.5100021,114.0599976,24358400,APPLE
10-10-2020,115.0199966,116.75,114.7200012,116.0500031,36236000,APPLE
11-10-2020,117.6999969,118.6900024,116.1999969,116.3000031,64041000,APPLE
12-10-2020,117.3499985,117.9800034,116.75,117.3399963,37586800,APPLE
13-10-2020,116.7900009,117.4400024,115.7200012,116.9800034,35192400,APPLE
14-10-2020,117.8799973,118.1699982,117.1299973,117.6299973,35652200,APPLE
17-10-2020,117.3300018,117.8399963,116.7799988,117.5500031,23624900,APPLE
18-10-2020,118.1800003,118.2099991,117.4499969,117.4700012,24553500,APPLE
19-10-2020,117.25,117.7600021,113.8000031,117.1200027,20034600,APPLE
20-10-2020,116.8600006,117.3799973,116.3300018,117.0599976,24125800,APPLE
21-10-2020,116.8099976,116.9100037,116.2799988,116.5999985,23192700,APPLE
24-10-2020,117.0999985,117.7399979,117,117.6500015,23538700,APPLE
25-10-2020,117.9499969,118.3600006,117.3099976,118.25,48129000,APPLE
26-10-2020,114.3099976,115.6999969,113.3099976,115.5899963,66134200,APPLE
27-10-2020,115.3899994,115.8600006,114.0999985,114.4800034,34562000,APPLE
28-10-2020,113.8700027,115.2099991,113.4499969,113.7200012,37861700,APPLE
31-10-2020,113.6500015,114.2300034,113.1999969,113.5400009,26419400,APPLE
01-11-2020,113.4599991,113.7699966,110.5299988,111.4899979,43825800,APPLE
02-11-2020,111.4000015,112.3499985,111.2300034,111.5899963,28331700,APPLE
03-11-2020,110.9800034,111.4599991,109.5500031,109.8300018,26932600,APPLE
04-11-2020,108.5299988,110.25,108.1100006,108.8399963,30837000,APPLE
07-11-2020,110.0800018,110.5100021,109.4599991,110.4100037,32560000,APPLE
08-11-2020,110.3099976,111.7200012,109.6999969,111.0599976,24254200,APPLE
09-11-2020,109.8799973,111.3199997,108.0500031,110.8799973,59176400,APPLE
10-11-2020,111.0899963,111.0899963,105.8300018,107.7900009,57134500,APPLE
11-11-2020,107.1200027,108.8700027,106.5500031,108.4300003,34143900,APPLE
14-11-2020,107.7099991,107.8099976,104.0800018,105.7099991,51175500,APPLE
15-11-2020,106.5699997,107.6800003,106.1600037,107.1100006,32264500,APPLE
16-11-2020,106.6999969,110.2300034,106.5999985,109.9899979,58840500,APPLE
17-11-2020,109.8099976,110.3499985,108.8300018,109.9499969,27632000,APPLE
18-11-2020,109.7200012,110.5400009,109.6600037,110.0599976,28428900,APPLE
21-11-2020,110.1200027,111.9899979,110.0100021,111.7300034,29264600,APPLE
22-11-2020,111.9499969,112.4199982,111.4000015,111.8000031,25965500,APPLE
23-11-2020,111.3600006,111.5100021,110.3300018,111.2300034,27426400,APPLE
25-11-2020,111.1299973,111.8700027,110.9499969,111.7900009,11475900,APPLE
28-11-2020,111.4300003,112.4700012,111.3899994,111.5699997,27194000,APPLE
29-11-2020,110.7799988,112.0299988,110.0699997,111.4599991,28528800,APPLE
30-11-2020,111.5999985,112.1999969,110.2699966,110.5199966,36162300,APPLE
01-12-2020,110.3700027,110.9400024,109.0299988,109.4899979,37086900,APPLE
02-12-2020,109.1699982,110.0899963,108.8499985,109.9000015,26528000,APPLE
05-12-2020,110,110.0299988,108.25,109.1100006,34324500,APPLE
06-12-2020,109.5,110.3600006,109.1900024,109.9499969,26195500,APPLE
07-12-2020,109.2600021,111.1900024,109.1600037,111.0299988,29998700,APPLE
08-12-2020,110.8600006,112.4300003,110.5999985,112.1200027,27068300,APPLE
09-12-2020,112.3099976,114.6999969,112.3099976,113.9499969,34402600,APPLE
12-12-2020,113.2900009,115,112.4899979,113.3000031,26374400,APPLE
13-12-2020,113.8399963,115.9199982,113.75,115.1900024,43733800,APPLE
14-12-2020,115.0400009,116.1999969,114.9800034,115.1900024,34031800,APPLE
15-12-2020,115.3799973,116.7300034,115.2300034,115.8199997,46524500,APPLE
16-12-2020,116.4700012,116.5,115.6500015,115.9700012,44351100,APPLE
19-12-2020,115.8000031,117.3799973,115.75,116.6399994,27779400,APPLE
20-12-2020,116.7399979,117.5,116.6800003,116.9499969,21425000,APPLE
21-12-2020,116.8000031,117.4000015,116.7799988,117.0599976,23783200,APPLE
22-12-2020,116.3499985,116.5100021,115.6399994,116.2900009,26085900,APPLE
23-12-2020,115.5899963,116.5199966,115.5899963,116.5199966,14249500,APPLE
27-12-2020,116.5199966,117.8000031,116.4899979,117.2600021,18296900,APPLE
28-12-2020,117.5199966,118.0199966,116.1999969,116.7600021,20905900,APPLE
29-12-2020,116.4499969,117.1100006,116.4000015,116.7300034,15039500,APPLE
30-12-2020,116.6500015,117.1999969,115.4300003,115.8199997,30586300,APPLE
03-01-2021,115.8000031,116.3300018,114.7600021,116.1500015,28781900,APPLE
04-01-2021,115.8499985,116.5100021,115.75,116.0199966,21118100,APPLE
05-01-2021,115.9199982,116.8600006,115.8099976,116.6100006,22193600,APPLE
06-01-2021,116.7799988,118.1600037,116.4700012,117.9100037,31751900,APPLE
09-01-2021,117.9499969,119.4300003,117.9400024,118.9899979,33561900,APPLE
10-01-2021,118.7699966,119.3799973,118.3000031,119.1100006,24462100,APPLE
11-01-2021,118.7399979,119.9300003,118.5999985,119.75,27588600,APPLE
12-01-2021,118.9000015,119.3000031,118.2099991,119.25,27086200,APPLE
13-01-2021,119.1100006,119.6200027,118.8099976,119.0400009,26111900,APPLE
17-01-2021,118.3399963,120.2399979,118.2200012,120,34439800,APPLE
18-01-2021,120,120.5,119.7099991,119.9899979,23713000,APPLE
19-01-2021,119.4000015,120.0899963,119.3700027,119.7799988,25597300,APPLE
20-01-2021,120.4499969,120.4499969,119.7300034,120,32597900,APPLE
23-01-2021,120,120.8099976,119.7699966,120.0800018,22050200,APPLE
24-01-2021,119.5500031,120.0999985,119.5,119.9700012,23211000,APPLE
25-01-2021,120.4199982,122.0999985,120.2799988,121.8799973,32377600,APPLE
26-01-2021,121.6699982,122.4400024,121.5999985,121.9400024,26337600,APPLE
27-01-2021,122.1399994,122.3499985,121.5999985,121.9499969,20562900,APPLE
30-01-2021,120.9300003,121.6299973,120.6600037,121.6299973,30377500,APPLE
31-01-2021,121.1500015,121.3899994,120.6200027,121.3499985,49201000,APPLE
01-02-2021,127.0299988,130.4900055,127.0100021,128.75,111985000,APPLE
02-02-2021,127.9800034,129.3899994,127.7799988,128.5299988,33710400,APPLE
03-02-2021,128.3099976,129.1900024,128.1600037,129.0800018,24507300,APPLE
06-02-2021,129.1300049,130.5,128.8999939,130.2899933,26845900,APPLE
07-02-2021,130.5399933,132.0899963,130.4499969,131.5299988,38183800,APPLE
08-02-2021,131.3500061,132.2200012,131.2200012,132.0399933,23004100,APPLE
09-02-2021,131.6499939,132.4499969,131.1199951,132.4199982,28349900,APPLE
10-02-2021,132.4600067,132.9400024,132.0500031,132.1199951,20065500,APPLE
13-02-2021,133.0800018,133.8200073,132.75,133.2899933,23035400,APPLE
14-02-2021,133.4700012,135.0899963,133.25,135.0200043,33226200,APPLE
15-02-2021,135.5200043,136.2700043,134.6199951,135.5099945,35623100,APPLE
16-02-2021,135.6699982,135.8999939,134.8399963,135.3500061,22584600,APPLE
17-02-2021,135.1000061,135.8300018,135.1000061,135.7200012,22198200,APPLE
21-02-2021,136.2299957,136.75,135.9799957,136.6999969,24507200,APPLE
22-02-2021,136.4299927,137.1199951,136.1100006,137.1100006,20836900,APPLE
23-02-2021,137.3800049,137.4799957,136.3000031,136.5299988,20788200,APPLE
24-02-2021,135.9100037,136.6600037,135.2799988,136.6600037,21776600,APPLE
27-02-2021,137.1399994,137.4400024,136.2799988,136.9299927,20257400,APPLE
28-02-2021,137.0800018,137.4400024,136.6999969,136.9900055,23482900,APPLE
01-03-2021,137.8899994,140.1499939,137.6000061,139.7899933,36414600,APPLE
02-03-2021,140,140.2799988,138.7599945,138.9600067,26211000,APPLE
03-03-2021,138.7799988,139.8300018,138.5899963,139.7799988,21108100,APPLE
06-03-2021,139.3699951,139.7700043,138.6000061,139.3399963,21750000,APPLE
07-03-2021,139.0599976,139.9799957,138.7899933,139.5200043,17446300,APPLE
08-03-2021,138.9499969,139.8000031,138.8200073,139,18707200,APPLE
09-03-2021,138.7400055,138.7899933,137.0500031,138.6799927,22155900,APPLE
10-03-2021,139.25,139.3600006,138.6399994,139.1399994,19612800,APPLE
13-03-2021,138.8500061,139.4299927,138.8200073,139.1999969,17421700,APPLE
14-03-2021,139.3000031,139.6499939,138.8399963,138.9900055,15309100,APPLE
15-03-2021,139.4100037,140.75,139.0299988,140.4600067,25691800,APPLE
16-03-2021,140.7200012,141.0200043,140.2599945,140.6900024,19232000,APPLE
17-03-2021,141,141,139.8899994,139.9900055,43885000,APPLE
20-03-2021,140.3999939,141.5,140.2299957,141.4600067,21542000,APPLE
21-03-2021,142.1100006,142.8000031,139.7299957,139.8399963,39529900,APPLE
22-03-2021,139.8500061,141.6000061,139.7599945,141.4199982,25860200,APPLE
23-03-2021,141.2599945,141.5800018,140.6100006,140.9199982,20346300,APPLE
24-03-2021,141.5,141.7400055,140.3500061,140.6399994,22395600,APPLE
27-03-2021,139.3899994,141.2200012,138.6199951,140.8800049,23575100,APPLE
28-03-2021,140.9100037,144.0399933,140.6199951,143.8000031,33374800,APPLE
29-03-2021,143.6799927,144.4900055,143.1900024,144.1199951,29190000,APPLE
30-03-2021,144.1900024,144.5,143.5,143.9299927,21207300,APPLE
31-03-2021,143.7200012,144.2700043,143.0099945,143.6600037,19661700,APPLE
03-04-2021,143.7100067,144.1199951,143.0500031,143.6999969,19985700,APPLE
04-04-2021,143.25,144.8899994,143.1699982,144.7700043,19891400,APPLE
05-04-2021,144.2200012,145.4600067,143.8099976,144.0200043,27717900,APPLE
06-04-2021,144.2899933,144.5200043,143.4499969,143.6600037,21149000,APPLE
07-04-2021,143.7299957,144.1799927,143.2700043,143.3399963,16672200,APPLE
10-04-2021,143.6000061,143.8800049,142.8999939,143.1699982,18933400,APPLE
11-04-2021,142.9400024,143.3500061,140.0599976,141.6300049,30379400,APPLE
12-04-2021,141.6000061,142.1499939,141.0099945,141.8000031,20350000,APPLE
13-04-2021,141.9100037,142.3800049,141.0500031,141.0500031,17822900,APPLE
17-04-2021,141.4799957,141.8800049,140.8699951,141.8300018,16582100,APPLE
18-04-2021,141.4100037,142.0399933,141.1100006,141.1999969,14697500,APPLE
19-04-2021,141.8800049,142,140.4499969,140.6799927,17328400,APPLE
20-04-2021,141.2200012,142.9199982,141.1600037,142.4400024,23319600,APPLE
21-04-2021,142.4400024,142.6799927,141.8500061,142.2700043,17320900,APPLE
24-04-2021,143.5,143.9499969,143.1799927,143.6399994,17134300,APPLE
25-04-2021,143.9100037,144.8999939,143.8699951,144.5299988,18871500,APPLE
26-04-2021,144.4700012,144.6000061,143.3800049,143.6799927,20041200,APPLE
27-04-2021,143.9199982,144.1600037,143.3099976,143.7899933,14246300,APPLE
28-04-2021,144.0899963,144.3000031,143.2700043,143.6499939,20860400,APPLE
01-05-2021,145.1000061,147.1999969,144.9600067,146.5800018,33602900,APPLE
02-05-2021,147.5399933,148.0899963,146.8399963,147.5099945,45352200,APPLE
03-05-2021,145.5899963,147.4900055,144.2700043,147.0599976,45697000,APPLE
04-05-2021,146.5200043,147.1399994,145.8099976,146.5299988,23371900,APPLE
05-05-2021,146.7599945,148.9799957,146.7599945,148.9600067,27327700,APPLE
08-05-2021,149.0299988,153.6999969,149.0299988,153.0099945,48752400,APPLE
09-05-2021,153.8699951,154.8800049,153.4499969,153.9900055,39130400,APPLE
10-05-2021,153.6300049,153.9400024,152.1100006,153.2599945,25805700,APPLE
11-05-2021,152.4499969,154.0700073,152.3099976,153.9499969,27255100,APPLE
12-05-2021,154.6999969,156.4199982,154.6699982,156.1000061,32527000,APPLE
15-05-2021,156.0099945,156.6499939,155.0500031,155.6999969,26009700,APPLE
16-05-2021,155.9400024,156.0599976,154.7200012,155.4700012,20048500,APPLE
17-05-2021,153.6000061,154.5700073,149.7100067,150.25,50767700,APPLE
18-05-2021,151.2700043,153.3399963,151.1300049,152.5399933,33568200,APPLE
19-05-2021,153.3800049,153.9799957,152.6300049,153.0599976,26960800,APPLE
22-05-2021,154,154.5800018,152.9100037,153.9900055,22966400,APPLE
23-05-2021,154.8999939,154.8999939,153.3099976,153.8000031,19918900,APPLE
24-05-2021,153.8399963,154.1699982,152.6699982,153.3399963,19178000,APPLE
25-05-2021,153.7299957,154.3500061,153.0299988,153.8699951,19235600,APPLE
26-05-2021,154,154.2400055,153.3099976,153.6100006,21927600,APPLE
30-05-2021,153.4199982,154.4299927,153.3300018,153.6699982,20126900,APPLE
31-05-2021,153.9700012,154.1699982,152.3800049,152.7599945,24451200,APPLE
01-06-2021,153.1699982,153.3300018,152.2200012,153.1799927,16404100,APPLE
02-06-2021,153.5800018,155.4499969,152.8899994,155.4499969,27770700,APPLE
05-06-2021,154.3399963,154.4499969,153.4600067,153.9299927,25331700,APPLE
06-06-2021,153.8999939,155.8099976,153.7799988,154.4499969,26624900,APPLE
07-06-2021,155.0200043,155.9799957,154.4799957,155.3699951,21069600,APPLE
08-06-2021,155.25,155.5399933,154.3999939,154.9900055,21250800,APPLE
09-06-2021,155.1900024,155.1900024,146.0200043,148.9799957,64882700,APPLE
12-06-2021,145.7400055,146.0899963,142.5099945,145.4199982,72307300,APPLE
13-06-2021,147.1600037,147.4499969,145.1499939,146.5899963,34165400,APPLE
14-06-2021,147.5,147.5,143.8399963,145.1600037,31531200,APPLE
15-06-2021,143.3200073,144.4799957,142.2100067,144.2899933,32165400,APPLE
16-06-2021,143.7799988,144.5,142.1999969,142.2700043,50361100,APPLE
19-06-2021,143.6600037,146.7400055,143.6600037,146.3399963,32541400,APPLE
20-06-2021,146.8699951,146.8699951,144.9400024,145.0099945,24900100,APPLE
21-06-2021,145.5200043,146.0700073,144.6100006,145.8699951,21265800,APPLE
22-06-2021,145.7700043,146.6999969,145.1199951,145.6300049,19106300,APPLE
23-06-2021,145.1300049,147.1600037,145.1100006,146.2799988,35439400,APPLE
26-06-2021,147.1699982,148.2799988,145.3800049,145.8200073,25692400,APPLE
27-06-2021,145.0099945,146.1600037,143.6199951,143.7299957,24761900,APPLE
28-06-2021,144.4900055,146.1100006,143.1600037,145.8300018,22082400,APPLE
29-06-2021,144.7100067,145.1300049,142.2799988,143.6799927,31499400,APPLE
30-06-2021,144.4499969,144.9600067,143.7799988,144.0200043,23024100,APPLE
03-07-2021,144.8800049,145.3000031,143.1000061,143.5,14277800,APPLE
05-07-2021,143.6900024,144.7899933,142.7200012,144.0899963,21569600,APPLE
06-07-2021,143.0200043,143.5,142.4100037,142.7299957,24128800,APPLE
07-07-2021,142.8999939,144.75,142.8999939,144.1799927,19202100,APPLE
10-07-2021,144.1100006,145.9499969,143.3699951,145.0599976,21090600,APPLE
11-07-2021,144.7299957,145.8500061,144.3800049,145.5299988,19781800,APPLE
12-07-2021,145.8699951,146.1799927,144.8200073,145.7400055,24884500,APPLE
13-07-2021,145.5,148.4900055,145.4400024,147.7700043,25199400,APPLE
14-07-2021,147.9700012,149.3300018,147.3300018,149.0399933,20132100,APPLE
17-07-2021,148.8200073,150.8999939,148.5700073,149.5599976,23793500,APPLE
18-07-2021,149.1999969,150.1300049,148.6699982,150.0800018,17868800,APPLE
19-07-2021,150.4799957,151.4199982,149.9499969,151.0200043,20923000,APPLE
20-07-2021,151.5,151.7400055,150.1900024,150.3399963,17243700,APPLE
21-07-2021,149.9900055,150.4400024,148.8800049,150.2700043,26252600,APPLE
24-07-2021,150.5800018,152.4400024,149.8999939,152.0899963,21493200,APPLE
25-07-2021,151.8000031,153.8399963,151.8000031,152.7400055,18853900,APPLE
26-07-2021,153.3500061,153.9299927,153.0599976,153.4600067,15781000,APPLE
27-07-2021,153.75,153.9900055,147.3000031,150.5599976,32476300,APPLE
28-07-2021,149.8899994,150.2299957,149.1900024,149.5,17213700,APPLE
31-07-2021,149.8999939,150.3300018,148.1300049,148.7299957,19845900,APPLE
01-08-2021,149.1000061,150.2200012,148.4100037,150.0500031,35368600,APPLE
02-08-2021,159.2799988,159.75,156.1600037,157.1399994,69936800,APPLE
03-08-2021,157.0500031,157.2100067,155.0200043,155.5700073,27097300,APPLE
04-08-2021,156.0700073,157.3999939,155.6900024,156.3899994,20559900,APPLE
07-08-2021,157.0599976,158.9199982,156.6699982,158.8099976,21870300,APPLE
08-08-2021,158.6000061,161.8300018,158.2700043,160.0800018,36205900,APPLE
09-08-2021,159.2599945,161.2700043,159.1100006,161.0599976,26131500,APPLE
10-08-2021,159.8999939,160,154.6300049,155.3200073,40804300,APPLE
11-08-2021,156.6000061,158.5700073,156.0700073,157.4799957,26257100,APPLE
14-08-2021,159.3200073,160.2100067,158.75,159.8500061,22122700,APPLE
15-08-2021,160.6600037,162.1999969,160.1399994,161.6000061,29465500,APPLE
16-08-2021,161.9400024,162.5099945,160.1499939,160.9499969,27671600,APPLE
17-08-2021,160.5200043,160.7100067,157.8399963,157.8600006,27940600,APPLE
18-08-2021,157.8600006,159.5,156.7200012,157.5,27428100,APPLE
21-08-2021,157.5,157.8899994,155.1100006,157.2100067,26368500,APPLE
22-08-2021,158.2299957,160,158.0200043,159.7799988,21604600,APPLE
23-08-2021,159.0700073,160.4700012,158.8800049,159.9799957,19399100,APPLE
24-08-2021,160.4299927,160.7400055,158.5500031,159.2700043,19818900,APPLE
25-08-2021,159.6499939,160.5599976,159.2700043,159.8600006,25480100,APPLE
28-08-2021,160.1399994,162,159.9299927,161.4700012,25966000,APPLE
29-08-2021,160.1000061,163.1199951,160,162.9100037,29516900,APPLE
30-08-2021,163.8000031,163.8899994,162.6100006,163.3500061,27269600,APPLE
31-08-2021,163.6399994,164.5200043,163.4799957,164,26785100,APPLE
01-09-2021,164.8000031,164.9400024,163.6300049,164.0500031,16591100,APPLE
05-09-2021,163.75,164.25,160.5599976,162.0800018,29468500,APPLE
06-09-2021,162.7100067,162.9900055,160.5200043,161.9100037,21651700,APPLE
07-09-2021,162.0899963,162.2400055,160.3600006,161.2599945,21928500,APPLE
08-09-2021,160.8600006,161.1499939,158.5299988,158.6300049,28611500,APPLE
11-09-2021,160.5,162.0500031,159.8899994,161.5,31580800,APPLE
12-09-2021,162.6100006,163.9600067,158.7700043,160.8600006,71714000,APPLE
13-09-2021,159.8699951,159.9600067,157.9100037,159.6499939,44907400,APPLE
14-09-2021,158.9900055,159.3999939,158.0899963,158.2799988,23760700,APPLE
15-09-2021,158.4700012,160.9700012,158,159.8800049,49114600,APPLE
18-09-2021,160.1100006,160.5,158,158.6699982,28269400,APPLE
19-09-2021,159.5099945,159.7700043,158.4400024,158.7299957,20810600,APPLE
20-09-2021,157.8999939,158.2599945,153.8300018,156.0700073,52951400,APPLE
21-09-2021,155.8000031,155.8000031,152.75,153.3899994,37511700,APPLE
22-09-2021,151.5399933,152.2700043,150.5599976,151.8899994,46645400,APPLE
25-09-2021,149.9900055,151.8300018,149.1600037,150.5500031,44387300,APPLE
26-09-2021,151.7799988,153.9199982,151.6900024,153.1399994,36660000,APPLE
27-09-2021,153.8000031,154.7200012,153.5399933,154.2299957,25504200,APPLE
28-09-2021,153.8899994,154.2799988,152.6999969,153.2799988,22005500,APPLE
29-09-2021,153.2100067,154.1300049,152,154.1199951,26299800,APPLE
02-10-2021,154.2599945,154.4499969,152.7200012,153.8099976,18698800,APPLE
03-10-2021,154.0099945,155.0899963,153.9100037,154.4799957,16230300,APPLE
04-10-2021,153.6300049,153.8600006,152.4600067,153.4799957,20163800,APPLE
05-10-2021,154.1799927,155.4400024,154.0500031,155.3899994,21283800,APPLE
06-10-2021,154.9700012,155.4900055,154.5599976,155.3000031,17407600,APPLE
09-10-2021,155.8099976,156.7299957,155.4900055,155.8399963,16262900,APPLE
10-10-2021,156.0599976,158,155.1000061,155.8999939,15617000,APPLE
11-10-2021,155.9700012,156.9799957,155.75,156.5500031,16905600,APPLE
12-10-2021,156.3500061,157.3699951,155.7299957,156,16125100,APPLE
13-10-2021,156.7299957,157.2799988,156.4100037,156.9900055,16394200,APPLE
16-10-2021,157.8999939,160,157.6499939,159.8800049,24121500,APPLE
17-10-2021,159.7799988,160.8699951,159.2299957,160.4700012,18997300,APPLE
18-10-2021,160.4199982,160.7100067,159.6000061,159.7599945,16374200,APPLE
19-10-2021,156.75,157.0800018,155.0200043,155.9799957,42584200,APPLE
20-10-2021,156.6100006,157.75,155.9600067,156.25,23974100,APPLE
23-10-2021,156.8899994,157.6900024,155.5,156.1699982,21984300,APPLE
24-10-2021,156.2899933,157.4199982,156.1999969,157.1000061,17757200,APPLE
25-10-2021,156.9100037,157.5500031,155.2700043,156.4100037,21207100,APPLE
26-10-2021,157.2299957,157.8300018,156.7799988,157.4100037,17000500,APPLE
27-10-2021,159.2899933,163.6000061,158.6999969,163.0500031,44454200,APPLE
30-10-2021,163.8899994,168.0700073,163.7200012,166.7200012,44700800,APPLE
31-10-2021,167.8999939,169.6499939,166.9400024,169.0399933,36046800,APPLE
01-11-2021,169.8699951,169.9400024,165.6100006,166.8899994,33637800,APPLE
02-11-2021,166.6000061,168.5,165.2799988,168.1100006,41393400,APPLE
03-11-2021,174,174.2599945,171.1199951,172.5,59398600,APPLE
06-11-2021,172.3699951,174.9900055,171.7200012,174.25,35026300,APPLE
07-11-2021,173.9100037,175.25,173.6000061,174.8099976,24361500,APPLE
08-11-2021,174.6600037,176.2400055,174.3300018,176.2400055,24409500,APPLE
09-11-2021,175.1100006,176.1000061,173.1399994,175.8800049,29482600,APPLE
10-11-2021,175.1100006,175.3800049,174.2700043,174.6699982,25145500,APPLE
13-11-2021,173.5,174.5,173.3999939,173.9700012,16982100,APPLE
14-11-2021,173.0399933,173.4799957,171.1799927,171.3399963,24782500,APPLE
15-11-2021,169.9700012,170.3200073,168.3800049,169.0800018,29158100,APPLE
16-11-2021,171.1799927,171.8699951,170.3000031,171.1000061,23637500,APPLE
17-11-2021,171.0399933,171.3899994,169.6399994,170.1499939,21899500,APPLE
20-11-2021,170.2899933,170.5599976,169.5599976,169.9799957,16262400,APPLE
21-11-2021,170.7799988,173.6999969,170.7799988,173.1399994,25131300,APPLE
22-11-2021,173.3600006,175,173.0500031,174.9600067,25588900,APPLE
24-11-2021,175.1000061,175.5,174.6499939,174.9700012,14026700,APPLE
27-11-2021,175.0500031,175.0800018,173.3399963,174.0899963,20716800,APPLE
28-11-2021,174.3000031,174.8699951,171.8600006,173.0700073,26428800,APPLE
29-11-2021,172.6300049,172.9199982,167.1600037,169.4799957,41666400,APPLE
30-11-2021,170.4299927,172.1399994,168.4400024,171.8500061,41527200,APPLE
01-12-2021,169.9499969,171.6699982,168.5,171.0500031,39759300,APPLE
04-12-2021,172.4799957,172.6199951,169.6300049,169.8000031,32542400,APPLE
05-12-2021,169.0599976,171.5200043,168.3999939,169.6399994,27350200,APPLE
06-12-2021,167.5,170.1999969,166.4600067,169.0099945,28560000,APPLE
07-12-2021,169.0299988,170.4400024,168.9100037,169.3200073,25673300,APPLE
08-12-2021,170.4900055,171,168.8200073,169.3699951,23355200,APPLE
11-12-2021,169.1999969,172.8899994,168.7899933,172.6699982,35273800,APPLE
12-12-2021,172.1499939,172.3899994,171.4600067,171.6999969,19409200,APPLE
13-12-2021,172.5,173.5399933,172,172.2700043,23818400,APPLE
14-12-2021,172.3999939,173.1300049,171.6499939,172.2200012,20476500,APPLE
15-12-2021,173.6300049,174.1699982,172.4600067,173.9700012,40169300,APPLE
18-12-2021,174.8800049,177.1999969,174.8600006,176.4199982,29421100,APPLE
19-12-2021,175.0299988,175.3899994,174.0899963,174.5399933,27436400,APPLE
20-12-2021,174.8699951,175.4199982,173.25,174.3500061,23475600,APPLE
21-12-2021,174.1699982,176.0200043,174.1000061,175.0099945,20949900,APPLE
22-12-2021,174.6799927,175.4199982,174.5,175.0099945,16349400,APPLE
26-12-2021,170.8000031,171.4700012,169.6799927,170.5700073,33185500,APPLE
27-12-2021,170.1000061,170.7799988,169.7100067,170.6000061,21498200,APPLE
28-12-2021,171,171.8500061,170.4799957,171.0800018,16480200,APPLE
29-12-2021,170.5200043,170.5899963,169.2200012,169.2299957,25999900,APPLE
02-01-2022,170.1600037,172.3000031,169.2599945,172.2599945,25555900,APPLE
03-01-2022,172.5299988,174.5500031,171.9600067,172.2299957,29517900,APPLE
04-01-2022,172.5399933,173.4700012,172.0800018,173.0299988,22434600,APPLE
05-01-2022,173.4400024,175.3699951,173.0500031,175,23660000,APPLE
08-01-2022,174.3500061,175.6100006,173.9299927,174.3500061,20567800,APPLE
09-01-2022,174.5500031,175.0599976,173.4100037,174.3300018,21584000,APPLE
10-01-2022,173.1600037,174.3000031,173,174.2899933,23959900,APPLE
11-01-2022,174.5899963,175.4900055,174.4900055,175.2799988,18667700,APPLE
12-01-2022,176.1799927,177.3600006,175.6499939,177.0899963,25418100,APPLE
16-01-2022,177.8999939,179.3899994,176.1399994,176.1900024,29565900,APPLE
17-01-2022,176.1499939,179.25,175.0700073,179.1000061,34386800,APPLE
18-01-2022,179.3699951,180.1000061,178.25,179.2599945,31193400,APPLE
19-01-2022,178.6100006,179.5800018,177.4100037,178.4600067,32425100,APPLE
22-01-2022,177.3000031,177.7799988,176.6000061,177,27108600,APPLE
23-01-2022,177.3000031,179.4400024,176.8200073,177.0399933,32689100,APPLE
24-01-2022,177.25,177.3000031,173.1999969,174.2200012,51105100,APPLE
25-01-2022,174.5099945,174.9499969,170.5299988,171.1100006,41529000,APPLE
26-01-2022,172,172,170.0599976,171.5099945,39143000,APPLE
29-01-2022,170.1600037,170.1600037,167.0700073,167.9600067,50640400,APPLE
30-01-2022,165.5299988,167.3699951,164.6999969,166.9700012,46048200,APPLE
31-01-2022,166.8699951,168.4400024,166.5,167.4299927,32478900,APPLE
01-02-2022,167.1699982,168.6199951,166.7599945,167.7799988,47230800,APPLE
02-02-2022,166,166.8000031,160.1000061,160.5,86593800,APPLE
05-02-2022,159.1000061,163.8800049,156,156.4900055,72738500,APPLE
06-02-2022,154.8300018,163.7200012,154,163.0299988,68243800,APPLE
07-02-2022,163.0899963,163.3999939,159.0700073,159.5399933,51608600,APPLE
08-02-2022,160.2899933,161,155.0299988,155.1499939,54390500,APPLE
09-02-2022,157.0700073,157.8899994,150.2400055,156.4100037,70672600,APPLE
12-02-2022,158.5,163.8899994,157.5099945,162.7100067,60819500,APPLE
13-02-2022,161.9499969,164.75,161.6499939,164.3399963,32549200,APPLE
14-02-2022,163.0399933,167.5399933,162.8800049,167.3699951,40644900,APPLE
15-02-2022,169.7899933,173.0899963,169,172.9900055,51147200,APPLE
16-02-2022,172.3600006,174.8200073,171.7700043,172.4299927,40176100,APPLE
20-02-2022,172.0500031,174.2599945,171.4199982,171.8500061,33930500,APPLE
21-02-2022,172.8300018,174.1199951,171.0099945,171.0700073,37471600,APPLE
22-02-2022,171.8000031,173.9499969,171.7100067,172.5,30991900,APPLE
23-02-2022,173.6699982,175.6499939,173.5399933,175.5,33812400,APPLE
26-02-2022,176.3500061,179.3899994,176.2100067,178.9700012,38162200,APPLE
27-02-2022,179.1000061,180.4799957,178.1600037,178.3899994,38928100,APPLE
28-02-2022,179.2599945,180.6199951,178.0500031,178.1199951,37782100,APPLE
01-03-2022,178.5399933,179.7799988,172.6600037,175,48802000,APPLE
02-03-2022,172.8000031,176.3000031,172.4499969,176.2100067,38454000,APPLE
05-03-2022,175.2100067,177.7400055,174.5200043,176.8200073,28401400,APPLE
06-03-2022,177.9100037,178.25,176.1300049,176.6699982,23788500,APPLE
07-03-2022,174.9400024,175.8500061,174.2700043,175.0299988,31703500,APPLE
08-03-2022,175.4799957,177.1199951,175.0700073,176.9400024,23774100,APPLE
09-03-2022,177.9600067,180,177.3899994,179.9799957,32185200,APPLE
12-03-2022,180.2899933,182.3899994,180.2100067,181.7200012,32207100,APPLE
13-03-2022,182.5899963,183.5,179.2400055,179.9700012,31693500,APPLE
14-03-2022,180.3200073,180.5200043,177.8099976,178.4400024,29368400,APPLE
15-03-2022,178.5,180.2400055,178.0700073,178.6499939,22743800,APPLE
16-03-2022,178.6499939,179.1199951,177.6199951,178.0200043,39404700,APPLE
19-03-2022,177.3200073,177.4700012,173.6600037,175.3000031,33446800,APPLE
20-03-2022,175.2400055,176.8000031,174.9400024,175.2400055,19649400,APPLE
21-03-2022,175.0399933,175.0899963,171.2599945,171.2700043,37054900,APPLE
22-03-2022,170,172.6799927,168.6000061,168.8500061,41490800,APPLE
23-03-2022,168.3899994,169.9199982,164.9400024,164.9400024,41028800,APPLE
26-03-2022,168.0700073,173.1000061,166.4400024,172.7700043,37541200,APPLE
27-03-2022,173.6799927,175.1499939,166.9199982,168.3399963,40922600,APPLE
28-03-2022,167.25,170.0200043,165.1900024,166.4799957,41668500,APPLE
29-03-2022,167.8099976,171.75,166.8999939,167.7799988,38398500,APPLE
02-04-2022,166.6399994,168.9400024,164.4700012,166.6799927,37586800,APPLE
03-04-2022,167.6399994,168.75,164.8800049,168.3899994,30278000,APPLE
04-04-2022,164.8800049,172.0099945,164.7700043,171.6100006,34605500,APPLE
05-04-2022,172.5800018,174.2299957,172.0800018,172.8000031,26933200,APPLE
06-04-2022,170.9700012,172.4799957,168.1999969,168.3800049,35005300,APPLE
09-04-2022,169.8800049,173.0899963,169.8500061,170.0500031,29017700,APPLE
10-04-2022,173,174,171.5299988,173.25,28408600,APPLE
11-04-2022,172.2299957,173.9199982,171.6999969,172.4400024,22431600,APPLE
12-04-2022,173.4100037,175,173.0399933,174.1399994,22889300,APPLE
13-04-2022,174.7799988,175.8399963,173.8500061,174.7299957,25124300,APPLE
16-04-2022,175.0299988,176.1900024,174.8300018,175.8200073,21578400,APPLE
17-04-2022,176.4900055,178.9400024,176.4100037,178.2400055,26605400,APPLE
18-04-2022,177.8099976,178.8200073,176.8800049,177.8399963,20754500,APPLE
19-04-2022,173.7599945,175.3899994,172.6600037,172.8000031,34808800,APPLE
20-04-2022,170.6000061,171.2200012,165.4299927,165.7200012,65491100,APPLE
23-04-2022,166.8300018,166.9199982,164.0899963,165.2400055,36515500,APPLE
24-04-2022,165.6699982,166.3300018,161.2200012,162.9400024,33692000,APPLE
25-04-2022,162.6199951,165.4199982,162.4100037,163.6499939,28382100,APPLE
26-04-2022,164.1199951,165.7299957,163.3699951,164.2200012,27963000,APPLE
27-04-2022,164,164.3300018,160.6300049,162.3200073,35655800,APPLE
30-04-2022,162.1300049,167.2599945,161.8399963,165.2599945,42427400,APPLE
01-05-2022,166.4100037,169.1999969,165.2700043,169.1000061,53569400,APPLE
02-05-2022,175.2299957,177.75,173.8000031,176.5700073,66539400,APPLE
03-05-2022,175.8800049,177.5,174.4400024,176.8899994,34068200,APPLE
04-05-2022,178.25,184.25,178.1699982,183.8300018,56201300,APPLE
07-05-2022,185.1799927,187.6699982,184.75,185.1600037,42451400,APPLE
08-05-2022,184.9900055,186.2200012,183.6699982,186.0500031,28402800,APPLE
09-05-2022,186.5500031,187.3999939,185.2200012,187.3600006,23211200,APPLE
10-05-2022,187.7400055,190.3699951,187.6499939,190.0399933,27989300,APPLE
11-05-2022,189.4900055,190.0599976,187.4499969,188.5899963,26212200,APPLE
14-05-2022,189.0099945,189.5299988,187.8600006,188.1499939,20778800,APPLE
15-05-2022,186.7799988,187.0700073,185.1000061,186.4400024,23695200,APPLE
16-05-2022,186.0700073,188.4600067,186,188.1799927,19183100,APPLE
17-05-2022,188,188.9100037,186.3600006,186.9900055,17294000,APPLE
18-05-2022,187.1900024,187.8099976,186.1300049,186.3099976,18297700,APPLE
21-05-2022,188,189.2700043,186.9100037,187.6300049,18400800,APPLE
22-05-2022,188.3800049,188.8800049,186.7799988,187.1600037,15240700,APPLE
23-05-2022,186.3500061,188.5,185.7599945,188.3600006,20058400,APPLE
24-05-2022,188.7700043,188.8399963,186.2100067,188.1499939,23234000,APPLE
25-05-2022,188.2299957,189.6499939,187.6499939,188.5800018,17461000,APPLE
29-05-2022,187.6000061,188.75,186.8699951,187.8999939,22514100,APPLE
30-05-2022,187.7200012,188,186.7799988,187.5,18690500,APPLE
31-05-2022,187.2200012,188.2299957,186.1399994,186.8699951,27482800,APPLE
01-06-2022,187.9900055,190.2599945,187.75,190.2400055,23442500,APPLE
04-06-2022,191.6399994,193.4199982,191.3500061,191.8300018,26266200,APPLE
05-06-2022,193.0700073,193.9400024,192.3600006,193.3099976,21566000,APPLE
06-06-2022,193.6300049,194.0800018,191.9199982,193.9799957,20933600,APPLE
07-06-2022,194.1399994,194.1999969,192.3399963,193.4600067,21347200,APPLE
08-06-2022,191.1699982,192,189.7700043,191.6999969,26656800,APPLE
11-06-2022,191.3500061,191.9700012,190.2100067,191.2299957,18308500,APPLE
12-06-2022,191.3899994,192.6100006,191.1499939,192.2799988,16911100,APPLE
13-06-2022,192.4199982,192.8800049,190.4400024,190.6999969,21638400,APPLE
14-06-2022,191.5500031,191.5700073,190.2200012,190.8000031,21610100,APPLE
15-06-2022,190.0299988,190.1600037,188.2599945,188.8399963,61719200,APPLE
18-06-2022,187.8800049,189.2200012,187.1999969,188.7400055,18484900,APPLE
19-06-2022,185.1399994,186.3300018,183.4499969,185.6900024,33578500,APPLE
20-06-2022,186.3500061,187.1999969,185.7299957,186.5,20628700,APPLE
21-06-2022,187.25,188.3500061,184.9400024,185.4600067,25711900,APPLE
22-06-2022,186.1199951,186.1499939,184.6999969,184.9199982,27200400,APPLE
25-06-2022,183.3999939,184.9199982,180.7299957,182.1699982,31663100,APPLE
26-06-2022,182.9900055,186.5299988,182.5399933,184.4299927,24569200,APPLE
27-06-2022,185.2299957,187.2799988,184.0299988,184.1600037,25285300,APPLE
28-06-2022,184.1000061,186.2100067,183.8000031,185.5,17365200,APPLE
29-06-2022,186.2899933,187.1900024,182.9100037,185.1100006,22737700,APPLE
02-07-2022,183.8200073,187.3000031,183.4199982,187.1799927,17731300,APPLE
03-07-2022,187.7899933,187.9499969,183.5399933,183.9199982,13954800,APPLE
05-07-2022,185.2599945,186.4100037,184.2799988,185.3999939,16604200,APPLE
06-07-2022,185.4199982,188.4299927,185.1999969,187.9700012,17485200,APPLE
09-07-2022,189.5,190.6799927,189.3000031,190.5800018,19756600,APPLE
10-07-2022,190.7100067,191.2799988,190.1799927,190.3500061,15939100,APPLE
11-07-2022,188.5,189.7799988,187.6100006,187.8800049,18831500,APPLE
12-07-2022,189.5299988,191.4100037,189.3099976,191.0299988,18041100,APPLE
13-07-2022,191.0800018,191.8399963,190.8999939,191.3300018,12513900,APPLE
16-07-2022,191.5200043,192.6499939,190.4199982,190.9100037,15043100,APPLE
17-07-2022,189.75,191.8699951,189.1999969,191.4499969,15534500,APPLE
18-07-2022,191.7799988,191.8000031,189.9299927,190.3999939,16393400,APPLE
19-07-2022,189.6900024,192.5500031,189.6900024,191.8800049,20286800,APPLE
20-07-2022,191.7799988,192.4299927,190.1699982,191.4400024,20676200,APPLE
23-07-2022,190.6799927,191.9600067,189.5599976,191.6100006,15989400,APPLE
24-07-2022,192.4499969,193.6600037,192.0500031,193,18697900,APPLE
25-07-2022,193.0599976,194.8500061,192.4299927,194.8200073,16709900,APPLE
26-07-2022,194.6100006,195.9600067,193.6100006,194.2100067,19076000,APPLE
27-07-2022,194.9900055,195.1900024,190.1000061,190.9799957,24024000,APPLE
30-07-2022,191.8999939,192.1999969,189.0700073,189.9100037,21029500,APPLE
31-07-2022,190.3000031,192.1399994,189.3399963,190.2899933,39373000,APPLE
01-08-2022,199.1300049,201.7599945,197.3099976,201.5,67935700,APPLE
02-08-2022,200.5800018,208.3800049,200.3500061,207.3899994,62404000,APPLE
03-08-2022,207.0299988,208.7400055,205.4799957,207.9900055,33447400,APPLE
06-08-2022,208,209.25,207.0700073,209.0700073,25425400,APPLE
07-08-2022,209.3200073,209.5,206.7599945,207.1100006,25587400,APPLE
08-08-2022,206.0500031,207.8099976,204.5200043,207.25,22525500,APPLE
09-08-2022,209.5299988,209.7799988,207.1999969,208.8800049,23492600,APPLE
10-08-2022,207.3600006,209.1000061,206.6699982,207.5299988,24611200,APPLE
13-08-2022,209.3099976,210.9499969,207.6999969,208.8699951,25890900,APPLE
14-08-2022,210.1600037,210.5599976,208.2599945,209.75,20748000,APPLE
15-08-2022,209.2200012,210.7400055,208.3300018,210.2400055,28807600,APPLE
16-08-2022,211.75,213.8099976,211.4700012,213.3200073,28500400,APPLE
17-08-2022,213.4400024,217.9499969,213.1600037,217.5800018,35427000,APPLE
20-08-2022,218.1000061,219.1799927,215.1100006,215.4600067,30287700,APPLE
21-08-2022,216.8000031,217.1900024,214.0299988,215.0399933,26159800,APPLE
22-08-2022,214.1000061,216.3600006,213.8399963,215.0500031,19018100,APPLE
23-08-2022,214.6499939,217.0500031,214.6000061,215.4900055,18883200,APPLE
24-08-2022,216.6000061,216.8999939,215.1100006,216.1600037,18476400,APPLE
27-08-2022,217.1499939,218.7400055,216.3300018,217.9400024,20525100,APPLE
28-08-2022,219.0099945,220.5399933,218.9199982,219.6999969,22776800,APPLE
29-08-2022,220.1499939,223.4900055,219.4100037,222.9799957,27254800,APPLE
30-08-2022,223.25,228.2599945,222.3999939,225.0299988,48793800,APPLE
31-08-2022,226.5099945,228.8699951,226,227.6300049,43340100,APPLE
04-09-2022,228.4100037,229.1799927,226.6300049,228.3600006,27390100,APPLE
05-09-2022,228.9900055,229.6699982,225.1000061,226.8699951,33333000,APPLE
06-09-2022,226.2299957,227.3500061,221.3000031,223.1000061,34290000,APPLE
07-09-2022,221.8500061,225.3699951,220.7100067,221.3000031,37619800,APPLE
10-09-2022,220.9499969,221.8500061,216.4700012,218.3300018,39516500,APPLE
11-09-2022,218.0099945,224.3000031,216.5599976,223.8500061,35749000,APPLE
12-09-2022,224.9400024,225,219.8399963,221.0700073,49278700,APPLE
13-09-2022,223.5200043,228.3500061,222.5700073,226.4100037,41706400,APPLE
14-09-2022,225.75,226.8399963,222.5200043,223.8399963,31999300,APPLE
17-09-2022,222.1499939,222.9499969,217.2700043,217.8800049,37195100,APPLE
18-09-2022,217.7899933,221.8500061,217.1199951,218.2400055,31571700,APPLE
19-09-2022,218.5,219.6199951,215.3000031,218.3699951,27123800,APPLE
20-09-2022,220.2400055,222.2799988,219.1499939,220.0299988,26608800,APPLE
21-09-2022,220.7799988,221.3600006,217.2899933,217.6600037,96246700,APPLE
24-09-2022,216.8200073,221.2599945,216.6300049,220.7899933,27693400,APPLE
25-09-2022,219.75,222.8200073,219.6999969,222.1900024,24554400,APPLE
26-09-2022,221,223.75,219.7599945,220.4199982,23984700,APPLE
27-09-2022,223.8200073,226.4400024,223.5399933,224.9499969,30181200,APPLE
28-09-2022,224.7899933,225.8399963,224.0200043,225.7400055,22929400,APPLE
01-10-2022,227.9499969,229.4199982,226.3500061,227.2599945,23600800,APPLE
02-10-2022,227.25,230,226.6300049,229.2799988,24788200,APPLE
03-10-2022,230.0500031,233.4700012,229.7799988,232.0700073,28654800,APPLE
04-10-2022,230.7799988,232.3500061,226.7299957,227.9900055,32042000,APPLE
05-10-2022,227.9600067,228.4100037,220.5800018,224.2899933,33580500,APPLE
08-10-2022,222.2100067,224.8000031,220.1999969,223.7700043,29663900,APPLE
09-10-2022,223.6399994,227.2700043,222.25,226.8699951,26891000,APPLE
10-10-2022,225.4600067,226.3500061,216.0500031,216.3600006,41990600,APPLE
11-10-2022,214.5200043,219.5,212.3200073,214.4499969,53124400,APPLE
12-10-2022,220.4199982,222.8800049,216.8399963,222.1100006,40337900,APPLE
15-10-2022,221.1600037,221.8300018,217.2700043,217.3600006,30791000,APPLE
16-10-2022,218.9299927,222.9900055,216.7599945,222.1499939,29184000,APPLE
17-10-2022,222.3000031,222.6399994,219.3399963,221.1900024,22885400,APPLE
18-10-2022,217.8600006,219.7400055,213,216.0200043,32581300,APPLE
19-10-2022,218.0599976,221.2599945,217.4299927,219.3099976,33078700,APPLE
22-10-2022,219.7899933,223.3600006,218.9400024,220.6499939,28792100,APPLE
23-10-2022,215.8300018,223.25,214.6999969,222.7299957,38767800,APPLE
24-10-2022,222.6000061,224.2299957,214.5399933,215.0899963,40925500,APPLE
25-10-2022,217.7100067,221.3800049,216.75,219.8000031,29855800,APPLE
26-10-2022,215.8999939,220.1900024,212.6699982,216.3000031,47258400,APPLE
29-10-2022,219.1900024,219.6900024,206.0899963,212.2400055,45935500,APPLE
30-10-2022,211.1499939,215.1799927,209.2700043,213.3000031,36660000,APPLE
31-10-2022,216.8800049,220.4499969,216.6199951,218.8600006,38358900,APPLE
01-11-2022,219.0500031,222.3600006,216.8099976,222.2200012,58323200,APPLE
02-11-2022,209.5500031,213.6499939,205.4299927,207.4799957,91328700,APPLE
05-11-2022,204.3000031,204.3899994,198.1699982,201.5899963,66163700,APPLE
06-11-2022,201.9199982,204.7200012,201.6900024,203.7700043,31882900,APPLE
07-11-2022,205.9700012,210.0599976,204.1300049,209.9499969,33424400,APPLE
08-11-2022,209.9799957,210.1199951,206.75,208.4900055,25362600,APPLE
09-11-2022,205.5500031,206.0099945,202.25,204.4700012,34365800,APPLE
12-11-2022,199,199.8500061,193.7899933,194.1699982,51135500,APPLE
13-11-2022,191.6300049,197.1799927,191.4499969,192.2299957,46882900,APPLE
14-11-2022,193.8999939,194.4799957,185.9299927,186.8000031,60801000,APPLE
15-11-2022,188.3899994,191.9700012,186.8999939,191.4100037,46478800,APPLE
16-11-2022,190.5,194.9700012,189.4600067,193.5299988,36928300,APPLE
19-11-2022,190,190.6999969,184.9900055,185.8600006,41925300,APPLE
20-11-2022,178.3699951,181.4700012,175.5099945,176.9799957,67825200,APPLE
21-11-2022,179.7299957,180.2700043,176.5500031,176.7799988,31124200,APPLE
23-11-2022,174.9400024,176.6000061,172.1000061,172.2899933,23624000,APPLE
26-11-2022,174.2400055,174.9499969,170.2599945,174.6199951,44998500,APPLE
27-11-2022,171.5099945,174.7700043,170.8800049,174.2400055,41387400,APPLE
28-11-2022,176.7299957,181.2899933,174.9299927,180.9400024,46062500,APPLE
29-11-2022,182.6600037,182.8000031,177.6999969,179.5500031,41770000,APPLE
30-11-2022,180.2899933,180.3300018,177.0299988,178.5800018,39531500,APPLE
03-12-2022,184.4600067,184.9400024,181.2100067,184.8200073,40802500,APPLE
04-12-2022,180.9499969,182.3899994,176.2700043,176.6900024,41344300,APPLE
06-12-2022,171.7599945,174.7799988,170.4199982,174.7200012,43098400,APPLE
07-12-2022,173.4900055,174.4900055,168.3000031,168.4900055,42281600,APPLE
10-12-2022,165,170.0899963,163.3300018,169.6000061,62026000,APPLE
11-12-2022,171.6600037,171.7899933,167,168.6300049,47281700,APPLE
12-12-2022,170.3999939,171.9199982,169.0200043,169.1000061,35627700,APPLE
13-12-2022,170.4900055,172.5700073,169.5500031,170.9499969,31898600,APPLE
14-12-2022,169,169.0800018,165.2799988,165.4799957,40703700,APPLE
17-12-2022,165.4499969,168.3500061,162.7299957,163.9400024,44287900,APPLE
18-12-2022,165.3800049,167.5299988,164.3899994,166.0700073,33841500,APPLE
19-12-2022,166,167.4499969,159.0899963,160.8899994,49047300,APPLE
20-12-2022,160.3999939,162.1100006,155.3000031,156.8300018,64773000,APPLE
21-12-2022,156.8600006,158.1600037,149.6300049,150.7299957,95744600,APPLE
24-12-2022,148.1499939,151.5500031,146.5899963,146.8300018,37169200,APPLE
26-12-2022,148.3000031,157.2299957,146.7200012,157.1699982,58582500,APPLE
27-12-2022,155.8399963,156.7700043,150.0700073,156.1499939,53117100,APPLE
28-12-2022,157.5,158.5200043,154.5500031,156.2299957,42291400,APPLE
31-12-2022,158.5299988,159.3600006,156.4799957,157.7400055,35003500,APPLE
02-01-2023,154.8899994,158.8500061,154.2299957,157.9199982,37039700,APPLE
03-01-2023,143.9799957,145.7200012,142,142.1900024,91312200,APPLE
04-01-2023,144.5299988,148.5500031,143.8000031,148.2599945,58607100,APPLE
07-01-2023,148.6999969,148.8300018,145.8999939,147.9299927,54777800,APPLE
08-01-2023,149.5599976,151.8200073,148.5200043,150.75,41025300,APPLE
09-01-2023,151.2899933,154.5299988,149.6300049,153.3099976,45099100,APPLE
10-01-2023,152.5,153.9700012,150.8600006,153.8000031,35780700,APPLE
11-01-2023,152.8800049,153.6999969,151.5099945,152.2899933,27023200,APPLE
14-01-2023,150.8500061,151.2700043,149.2200012,150,32439200,APPLE
15-01-2023,150.2700043,153.3899994,150.0500031,153.0700073,28710900,APPLE
16-01-2023,153.0800018,155.8800049,153,154.9400024,30569700,APPLE
17-01-2023,154.1999969,157.6600037,153.2599945,155.8600006,29821200,APPLE
18-01-2023,157.5,157.8800049,155.9799957,156.8200073,33751000,APPLE
22-01-2023,156.4100037,156.7299957,152.6199951,153.3000031,30394000,APPLE
23-01-2023,154.1499939,155.1399994,151.6999969,153.9199982,23130600,APPLE
24-01-2023,154.1100006,154.4799957,151.7400055,152.6999969,25441500,APPLE
25-01-2023,155.4799957,158.1300049,154.3200073,157.7599945,33535500,APPLE
28-01-2023,155.7899933,156.3300018,153.6600037,156.3000031,26192100,APPLE
29-01-2023,156.25,158.1300049,154.1100006,154.6799927,41587200,APPLE
30-01-2023,163.25,166.1499939,160.2299957,165.25,61109800,APPLE
31-01-2023,166.1100006,169,164.5599976,166.4400024,40739600,APPLE
01-02-2023,166.9600067,168.9799957,165.9299927,166.5200043,32668100,APPLE
04-02-2023,167.4100037,171.6600037,167.2799988,171.25,31495500,APPLE
05-02-2023,172.8600006,175.0800018,172.3500061,174.1799927,36101600,APPLE
06-02-2023,174.6499939,175.5700073,172.8500061,174.2400055,28239600,APPLE
07-02-2023,172.3999939,173.9400024,170.3399963,170.9400024,31741700,APPLE
08-02-2023,168.9900055,170.6600037,168.4199982,170.4100037,23820000,APPLE
11-02-2023,171.0500031,171.2100067,169.25,169.4299927,20993400,APPLE
12-02-2023,170.1000061,171,169.6999969,170.8899994,22283500,APPLE
13-02-2023,171.3899994,172.4799957,169.9199982,170.1799927,22490200,APPLE
14-02-2023,169.7100067,171.2599945,169.3800049,170.8000031,21835700,APPLE
15-02-2023,171.25,171.6999969,169.75,170.4199982,24626800,APPLE
19-02-2023,169.7100067,171.4400024,169.4900055,170.9299927,18972800,APPLE
20-02-2023,171.1900024,173.3200073,170.9900055,172.0299988,26114400,APPLE
21-02-2023,171.8000031,172.3699951,170.3000031,171.0599976,17249700,APPLE
22-02-2023,171.5800018,173,171.3800049,172.9700012,18913200,APPLE
25-02-2023,174.1600037,175.8699951,173.9499969,174.2299957,21873400,APPLE
26-02-2023,173.7100067,175.3000031,173.1699982,174.3300018,17070200,APPLE
27-02-2023,173.2100067,175,172.7299957,174.8699951,27835400,APPLE
28-02-2023,174.3200073,174.9100037,172.9199982,173.1499939,28215400,APPLE
01-03-2023,174.2799988,175.1499939,172.8899994,174.9700012,25886200,APPLE
04-03-2023,175.6900024,177.75,173.9700012,175.8500061,27436200,APPLE
05-03-2023,175.9400024,176,174.5399933,175.5299988,19737400,APPLE
06-03-2023,174.6699982,175.4900055,173.9400024,174.5200043,20810400,APPLE
07-03-2023,173.8699951,174.4400024,172.0200043,172.5,24796400,APPLE
08-03-2023,170.3200073,173.0700073,169.5,172.9100037,23999400,APPLE
11-03-2023,175.4900055,179.1199951,175.3500061,178.8999939,32011000,APPLE
12-03-2023,180,182.6699982,179.3699951,180.9100037,32467600,APPLE
13-03-2023,182.25,183.3000031,180.9199982,181.7100067,31032500,APPLE
14-03-2023,183.8999939,184.1000061,182.5599976,183.7299957,23579500,APPLE
15-03-2023,184.8500061,187.3300018,183.7400055,186.1199951,39042900,APPLE
18-03-2023,185.8000031,188.3899994,185.7899933,188.0200043,26219800,APPLE
19-03-2023,188.3500061,188.9900055,185.9199982,186.5299988,31646400,APPLE
20-03-2023,186.2299957,189.4900055,184.7299957,188.1600037,31035200,APPLE
21-03-2023,190.0200043,196.3300018,189.8099976,195.0899963,51034200,APPLE
22-03-2023,195.3399963,197.6900024,190.7799988,191.0500031,42407700,APPLE
25-03-2023,191.5099945,191.9799957,186.6000061,188.7400055,43845300,APPLE
26-03-2023,191.6600037,192.8800049,184.5800018,186.7899933,49800500,APPLE
27-03-2023,188.75,189.7599945,186.5500031,188.4700012,29848400,APPLE
28-03-2023,188.9499969,189.5599976,187.5299988,188.7200012,20780400,APPLE
29-03-2023,189.8300018,190.0800018,188.5399933,189.9499969,23564000,APPLE
01-04-2023,191.6399994,191.6799927,188.3800049,191.2400055,27862000,APPLE
02-04-2023,191.0899963,194.4600067,191.0500031,194.0200043,22765700,APPLE
03-04-2023,193.25,196.5,193.1499939,195.3500061,23271800,APPLE
04-04-2023,194.7899933,196.3699951,193.1399994,195.6900024,19114300,APPLE
05-04-2023,196.4499969,197.1000061,195.9299927,197,18526600,APPLE
08-04-2023,196.4199982,200.2299957,196.3399963,200.1000061,25881700,APPLE
09-04-2023,200.3200073,202.8500061,199.2299957,199.5,35768200,APPLE
10-04-2023,198.6799927,200.7400055,198.1799927,200.6199951,21695300,APPLE
11-04-2023,200.8500061,201,198.4400024,198.9499969,20900800,APPLE
12-04-2023,199.1999969,200.1399994,196.2100067,198.8699951,27760700,APPLE
15-04-2023,198.5800018,199.8500061,198.0099945,199.2299957,17536600,APPLE
16-04-2023,199.4600067,201.3699951,198.5599976,199.25,25696400,APPLE
17-04-2023,199.5399933,203.3800049,198.6100006,203.1300049,28906800,APPLE
18-04-2023,203.1199951,204.1499939,202.5200043,203.8600006,24195800,APPLE
22-04-2023,202.8300018,204.9400024,202.3399963,204.5299988,19439500,APPLE
23-04-2023,204.4299927,207.75,203.8999939,207.4799957,23323000,APPLE
24-04-2023,207.3600006,208.4799957,207.0500031,207.1600037,17540600,APPLE
25-04-2023,206.8300018,207.7599945,205.1199951,205.2799988,18543200,APPLE
26-04-2023,204.8999939,205,202.1199951,204.3000031,18649100,APPLE
29-04-2023,204.3999939,205.9700012,203.8600006,204.6100006,22204700,APPLE
30-04-2023,203.0599976,203.3999939,199.1100006,200.6699982,46534900,APPLE
01-05-2023,209.8800049,215.3099976,209.2299957,210.5200043,64827300,APPLE
02-05-2023,209.8399963,212.6499939,208.1300049,209.1499939,31996300,APPLE
03-05-2023,210.8899994,211.8399963,210.2299957,211.75,20892400,APPLE
06-05-2023,204.2899933,208.8399963,203.5,208.4799957,32443100,APPLE
07-05-2023,205.8800049,207.4199982,200.8300018,202.8600006,38763700,APPLE
08-05-2023,201.8999939,205.3399963,201.75,202.8999939,26339500,APPLE
09-05-2023,200.3999939,201.6799927,196.6600037,200.7200012,34908600,APPLE
10-05-2023,197.4199982,198.8500061,192.7700043,197.1799927,41208700,APPLE
13-05-2023,187.7100067,189.4799957,182.8500061,185.7200012,57430600,APPLE
14-05-2023,186.4100037,189.6999969,185.4100037,188.6600037,36529700,APPLE
15-05-2023,186.2700043,191.75,186.0200043,190.9199982,26544700,APPLE
16-05-2023,189.9100037,192.4700012,188.8399963,190.0800018,33031400,APPLE
17-05-2023,186.9299927,190.8999939,186.7599945,189,32879100,APPLE
20-05-2023,183.5200043,184.3500061,180.2799988,183.0899963,38612300,APPLE
21-05-2023,185.2200012,188,184.6999969,186.6000061,28364800,APPLE
22-05-2023,184.6600037,185.7100067,182.5500031,182.7799988,29748600,APPLE
23-05-2023,179.8000031,180.5399933,177.8099976,179.6600037,36529700,APPLE
24-05-2023,180.1999969,182.1399994,178.6199951,178.9700012,23714700,APPLE
28-05-2023,178.9199982,180.5899963,177.9100037,178.2299957,27948200,APPLE
29-05-2023,176.4199982,179.3500061,176,177.3800049,28481200,APPLE
30-05-2023,177.9499969,179.2299957,176.6699982,178.3000031,21218400,APPLE
31-05-2023,176.2299957,177.9900055,174.9900055,175.0700073,27043600,APPLE
03-06-2023,175.6000061,177.9199982,170.2700043,173.3000031,40396100,APPLE
04-06-2023,175.4400024,179.8300018,174.5200043,179.6399994,30968000,APPLE
05-06-2023,184.2799988,184.9900055,181.1399994,182.5399933,29773400,APPLE
06-06-2023,183.0800018,185.4700012,182.1499939,185.2200012,22526300,APPLE
07-06-2023,186.5099945,191.9199982,185.7700043,190.1499939,30684400,APPLE
10-06-2023,191.8099976,195.3699951,191.6199951,192.5800018,26220900,APPLE
11-06-2023,194.8600006,196,193.6000061,194.8099976,26932900,APPLE
12-06-2023,193.9499969,195.9700012,193.3899994,194.1900024,18221800,APPLE
13-06-2023,194.6999969,196.7899933,193.6000061,194.1499939,21674600,APPLE
14-06-2023,191.5500031,193.5899963,190.3000031,192.7400055,18761500,APPLE
17-06-2023,192.8999939,194.9600067,192.1699982,193.8899994,14669100,APPLE
18-06-2023,196.0500031,200.2899933,195.2100067,198.4499969,26551000,APPLE
19-06-2023,199.6799927,199.8800049,197.3099976,197.8699951,21124200,APPLE
20-06-2023,200.3699951,200.6100006,198.0299988,199.4600067,21514000,APPLE
21-06-2023,198.8000031,200.8500061,198.1499939,198.7799988,47800600,APPLE
24-06-2023,198.5399933,200.1600037,198.1699982,198.5800018,18220400,APPLE
25-06-2023,198.4299927,199.2599945,195.2899933,195.5700073,21070300,APPLE
26-06-2023,197.7700043,200.9900055,197.3500061,199.8000031,26067500,APPLE
27-06-2023,200.2899933,201.5700073,199.5700073,199.7400055,20899700,APPLE
28-06-2023,198.6799927,199.5,197.0500031,197.9199982,31110600,APPLE
01-07-2023,203.1699982,204.4900055,200.6499939,201.5500031,27316700,APPLE
02-07-2023,201.4100037,203.1300049,201.3600006,202.7299957,16935200,APPLE
03-07-2023,203.2799988,204.4400024,202.6900024,204.4100037,11362000,APPLE
05-07-2023,203.3500061,205.0800018,202.8999939,204.2299957,17265500,APPLE
08-07-2023,200.8099976,201.3999939,198.4100037,200.0200043,25338600,APPLE
09-07-2023,199.1999969,201.5099945,198.8099976,201.2400055,20578000,APPLE
10-07-2023,201.8500061,203.7299957,201.5599976,203.2299957,17897100,APPLE
11-07-2023,203.3099976,204.3899994,201.7100067,201.75,20231800,APPLE
12-07-2023,202.4499969,204,202.1999969,203.3000031,17595200,APPLE
15-07-2023,204.0899963,205.8699951,204,205.2100067,16947400,APPLE
16-07-2023,204.5899963,206.1100006,203.5,204.5,16866800,APPLE
17-07-2023,204.0500031,205.0899963,203.2700043,203.3500061,14107500,APPLE
18-07-2023,204,205.8800049,203.6999969,205.6600037,18582200,APPLE
19-07-2023,205.7899933,206.5,202.3600006,202.5899963,20929300,APPLE
22-07-2023,203.6499939,207.2299957,203.6100006,207.2200012,22277900,APPLE
23-07-2023,208.4600067,208.9100037,207.2899933,208.8399963,18355200,APPLE
24-07-2023,207.6699982,209.1499939,207.1699982,208.6699982,14991600,APPLE
25-07-2023,208.8899994,209.2400055,206.7299957,207.0200043,13909600,APPLE
26-07-2023,207.4799957,209.7299957,207.1399994,207.7400055,17618900,APPLE
29-07-2023,208.4600067,210.6399994,208.4400024,209.6799927,21673400,APPLE
30-07-2023,208.7599945,210.1600037,207.3099976,208.7799988,33935700,APPLE
31-07-2023,216.4199982,221.3699951,211.3000031,213.0399933,69281400,APPLE
01-08-2023,213.8999939,218.0299988,206.7400055,208.4299927,54017900,APPLE
02-08-2023,205.5299988,206.4299927,201.6300049,204.0200043,40862100,APPLE
05-08-2023,197.9900055,198.6499939,192.5800018,193.3399963,52393000,APPLE
06-08-2023,196.3099976,198.0700073,194.0399933,197,35824800,APPLE
07-08-2023,195.4100037,199.5599976,193.8200073,199.0399933,33364400,APPLE
08-08-2023,200.1999969,203.5299988,199.3899994,203.4299927,27009500,APPLE
09-08-2023,201.3000031,202.7599945,199.2899933,200.9900055,24619700,APPLE
12-08-2023,199.6199951,202.0500031,199.1499939,200.4799957,22474900,APPLE
13-08-2023,201.0200043,212.1399994,200.4799957,208.9700012,47218500,APPLE
14-08-2023,203.1600037,206.4400024,202.5899963,202.75,36547400,APPLE
15-08-2023,203.4600067,205.1399994,199.6699982,201.7400055,27227400,APPLE
16-08-2023,204.2799988,207.1600037,203.8399963,206.5,27620400,APPLE
19-08-2023,210.6199951,212.7299957,210.0299988,210.3500061,24413600,APPLE
20-08-2023,210.8800049,213.3500061,210.3200073,210.3600006,26884300,APPLE
21-08-2023,212.9900055,213.6499939,211.6000061,212.6399994,21535400,APPLE
22-08-2023,213.1900024,214.4400024,210.75,212.4600067,22253700,APPLE
23-08-2023,209.4299927,212.0500031,201,202.6399994,46818000,APPLE
26-08-2023,205.8600006,207.1900024,205.0599976,206.4900055,26043600,APPLE
27-08-2023,207.8600006,208.5500031,203.5299988,204.1600037,25873300,APPLE
28-08-2023,204.1000061,205.7200012,203.3200073,205.5299988,15938800,APPLE
29-08-2023,208.5,209.3200073,206.6600037,209.0099945,20990500,APPLE
30-08-2023,210.1600037,210.4499969,207.1999969,208.7400055,21143400,APPLE
03-09-2023,206.4299927,206.9799957,204.2200012,205.6999969,20023000,APPLE
04-09-2023,208.3899994,209.4799957,207.3200073,209.1900024,19188100,APPLE
05-09-2023,212,213.9700012,211.5099945,213.2799988,23913700,APPLE
06-09-2023,214.0500031,214.4199982,212.5099945,213.2599945,19362300,APPLE
09-09-2023,214.8399963,216.4400024,211.0700073,214.1699982,27309400,APPLE
10-09-2023,213.8600006,216.7799988,211.7100067,216.6999969,31777900,APPLE
11-09-2023,218.0700073,223.7100067,217.7299957,223.5899963,44289600,APPLE
12-09-2023,224.8000031,226.4199982,222.8600006,223.0899963,32226700,APPLE
13-09-2023,220,220.7899933,217.0200043,218.75,39763300,APPLE
16-09-2023,217.7299957,220.1300049,217.5599976,219.8999939,21158100,APPLE
17-09-2023,219.9600067,220.8200073,219.1199951,220.6999969,18318700,APPLE
18-09-2023,221.0599976,222.8500061,219.4400024,222.7700043,25340000,APPLE
19-09-2023,222.0099945,223.7599945,220.3699951,220.9600067,22060600,APPLE
20-09-2023,221.3800049,222.5599976,217.4700012,217.7299957,55413100,APPLE
23-09-2023,218.9499969,219.8399963,217.6499939,218.7200012,19165500,APPLE
24-09-2023,221.0299988,222.4900055,217.1900024,217.6799927,31190800,APPLE
25-09-2023,218.5500031,221.5,217.1399994,221.0299988,21903400,APPLE
26-09-2023,220,220.9400024,218.8300018,219.8899994,18833500,APPLE
27-09-2023,220.5399933,220.9600067,217.2799988,218.8200073,25352000,APPLE
30-09-2023,220.8999939,224.5800018,220.7899933,223.9700012,25977400,APPLE
01-10-2023,225.0700073,228.2200012,224.1999969,224.5899963,34805800,APPLE
02-10-2023,223.0599976,223.5800018,217.9299927,218.9600067,34612300,APPLE
03-10-2023,218.4299927,220.9600067,215.1300049,220.8200073,28606500,APPLE
04-10-2023,225.6399994,227.4900055,223.8899994,227.0099945,34619700,APPLE
07-10-2023,226.2700043,229.9299927,225.8399963,227.0599976,30576500,APPLE
08-10-2023,225.8200073,228.0599976,224.3300018,224.3999939,27955000,APPLE
09-10-2023,227.0299988,227.7899933,225.6399994,227.0299988,18692600,APPLE
10-10-2023,227.9299927,230.4400024,227.3000031,230.0899963,28253400,APPLE
11-10-2023,232.9499969,237.6399994,232.3099976,236.2100067,41698900,APPLE
14-10-2023,234.8999939,238.1300049,234.6699982,235.8699951,24106900,APPLE
15-10-2023,236.3899994,237.6499939,234.8800049,235.3200073,21840000,APPLE
16-10-2023,233.3699951,235.2400055,233.1999969,234.3699951,18475800,APPLE
17-10-2023,235.0899963,236.1499939,233.5200043,235.2799988,16896300,APPLE
18-10-2023,234.5899963,237.5800018,234.2899933,236.4100037,24358400,APPLE
21-10-2023,237.5200043,240.9900055,237.3200073,240.5099945,21811800,APPLE
22-10-2023,241.1600037,242.1999969,239.6199951,239.9600067,20573400,APPLE
23-10-2023,242.1000061,243.2400055,241.2200012,243.1799927,18957200,APPLE
24-10-2023,244.5099945,244.8000031,241.8099976,243.5800018,17318800,APPLE
25-10-2023,243.1600037,246.7299957,242.8800049,246.5800018,18369300,APPLE
28-10-2023,247.4199982,249.25,246.7200012,249.0500031,24143200,APPLE
29-10-2023,248.9700012,249.75,242.5700073,243.2899933,35709900,APPLE
30-10-2023,244.7599945,245.3000031,241.2100067,243.2599945,31130500,APPLE
31-10-2023,247.2400055,249.1699982,237.2599945,248.7599945,34790500,APPLE
01-11-2023,249.5399933,255.9299927,249.1600037,255.8200073,37781300,APPLE
04-11-2023,257.3299866,257.8500061,255.3800049,257.5,25818000,APPLE
05-11-2023,257.0499878,258.1900024,256.3200073,257.1300049,19974400,APPLE
06-11-2023,256.769989,257.4899902,255.3699951,257.2399902,18966100,APPLE
07-11-2023,258.7399902,260.3500061,258.1099854,259.4299927,23735100,APPLE
08-11-2023,258.6900024,260.4400024,256.8500061,260.1400146,17496600,APPLE
11-11-2023,258.2999878,262.4700012,258.2799988,262.2000122,20455300,APPLE
12-11-2023,261.5499878,262.7900085,260.9200134,261.9599915,21847200,APPLE
13-11-2023,261.1300049,264.7799988,261.0700073,264.4700012,25683600,APPLE
14-11-2023,263.75,264.8800049,262.1000061,262.6400146,22295700,APPLE
15-11-2023,263.6799927,265.7799988,263.0100098,265.7600098,25051600,APPLE
18-11-2023,265.7999878,267.4299927,264.230011,267.1000061,21675800,APPLE
19-11-2023,267.8999939,268,265.3900146,266.2900085,19041800,APPLE
20-11-2023,265.5400085,266.0799866,260.3999939,263.1900024,26558600,APPLE
21-11-2023,263.6900024,264.0100098,261.1799927,262.0100098,30348800,APPLE
22-11-2023,262.5899963,263.1799927,260.8399963,261.7799988,16331300,APPLE
25-11-2023,262.7099915,266.4400024,262.519989,266.3699951,21005100,APPLE
26-11-2023,266.9400024,267.1600037,262.5,264.2900085,26301900,APPLE
27-11-2023,265.5799866,267.980011,265.3099976,267.8399963,16308900,APPLE
29-11-2023,266.6000061,268,265.8999939,267.25,11654400,APPLE
02-12-2023,267.269989,268.25,263.4500122,264.1600037,23621800,APPLE
03-12-2023,258.3099976,259.5299988,256.2900085,259.4500122,28607600,APPLE
04-12-2023,261.0700073,263.3099976,260.6799927,261.7399902,16795400,APPLE
05-12-2023,263.7900085,265.8900146,262.730011,265.5799866,18606100,APPLE
06-12-2023,267.480011,271,267.2999878,270.7099915,26518900,APPLE
09-12-2023,270,270.7999878,264.9100037,266.9200134,32010600,APPLE
10-12-2023,268.6000061,270.0700073,265.8599854,268.480011,22605100,APPLE
11-12-2023,268.8099976,271.1000061,268.5,270.769989,19689200,APPLE
12-12-2023,267.7799988,272.5599976,267.3200073,271.4599915,34327600,APPLE
13-12-2023,271.4599915,275.2999878,270.9299927,275.1499939,33396900,APPLE
16-12-2023,277,280.7900085,276.980011,279.8599854,32046500,APPLE
17-12-2023,279.5700073,281.769989,278.7999878,280.4100037,28539600,APPLE
18-12-2023,279.7999878,281.8999939,279.1199951,279.7399902,29007100,APPLE
19-12-2023,279.5,281.1799927,278.9500122,280.019989,24592300,APPLE
20-12-2023,282.230011,282.6499939,278.5599976,279.4400024,68994500,APPLE
23-12-2023,280.5299988,284.25,280.3699951,284,24643000,APPLE
24-12-2023,284.6900024,284.8900146,282.9200134,284.269989,12119700,APPLE
26-12-2023,284.8200073,289.980011,284.7000122,289.9100037,23280300,APPLE
27-12-2023,291.1199951,293.9700012,288.1199951,289.7999878,36566500,APPLE
30-12-2023,289.4599915,292.6900024,285.2200012,291.519989,36028600,APPLE
31-12-2023,289.9299927,293.6799927,289.519989,293.6499939,25201400,APPLE
02-01-2024,296.2399902,300.6000061,295.1900024,300.3500061,33870100,APPLE
03-01-2024,297.1499939,300.5799866,296.5,297.4299927,36580700,APPLE
06-01-2024,293.7900085,299.9599915,292.75,299.7999878,29596800,APPLE
07-01-2024,299.8399963,300.8999939,297.480011,298.3900146,27218000,APPLE
08-01-2024,297.1600037,304.4400024,297.1600037,303.1900024,33019800,APPLE
09-01-2024,307.2399902,310.4299927,306.2000122,309.6300049,42527100,APPLE
10-01-2024,310.6000061,312.6700134,308.25,310.3299866,35161200,APPLE
13-01-2024,311.6400146,317.0700073,311.1499939,316.9599915,30383000,APPLE
14-01-2024,316.7000122,317.5700073,312.1700134,312.6799927,40488600,APPLE
15-01-2024,311.8500061,315.5,309.5499878,311.3399963,30480900,APPLE
16-01-2024,313.5899963,315.7000122,312.0899963,315.2399902,27207300,APPLE
17-01-2024,316.269989,318.7399902,315,318.730011,34454100,APPLE
21-01-2024,317.1900024,319.019989,316,316.5700073,27710800,APPLE
22-01-2024,318.5799866,319.9899902,317.3099976,317.7000122,25458100,APPLE
23-01-2024,317.9200134,319.5599976,315.6499939,319.230011,26118000,APPLE
24-01-2024,320.25,323.3299866,317.519989,318.3099976,36634400,APPLE
27-01-2024,310.0599976,311.769989,304.8800049,308.9500122,40485000,APPLE
28-01-2024,312.6000061,318.3999939,312.1900024,317.6900024,40558500,APPLE
29-01-2024,324.4500122,327.8500061,321.3800049,324.3399963,54057300,APPLE
30-01-2024,320.5400085,324.0899963,318.75,323.8699951,31685800,APPLE
31-01-2024,320.9299927,322.6799927,308.2900085,309.5100098,49897100,APPLE
03-02-2024,304.2999878,313.4899902,302.2200012,308.6600037,43496400,APPLE
04-02-2024,315.3099976,319.6400146,313.6300049,318.8500061,34154100,APPLE
05-02-2024,323.519989,324.7600098,318.9500122,321.4500122,29706700,APPLE
06-02-2024,322.5700073,325.2200012,320.2600098,325.2099915,26356400,APPLE
07-02-2024,322.3699951,323.3999939,318,320.0299988,29421000,APPLE
10-02-2024,314.1799927,321.5499878,313.8500061,321.5499878,27337200,APPLE
11-02-2024,323.6000061,323.8999939,318.7099915,319.6099854,23580800,APPLE
12-02-2024,321.4700012,327.2200012,321.4700012,327.2000122,28432600,APPLE
13-02-2024,324.1900024,326.2200012,323.3500061,324.8699951,23686900,APPLE
14-02-2024,324.7399902,325.980011,322.8500061,324.9500122,20028400,APPLE
18-02-2024,315.3599854,319.75,314.6099854,319,38132800,APPLE
19-02-2024,320,324.5700073,320,323.6199951,23496000,APPLE
20-02-2024,322.6300049,324.6499939,318.2099915,320.2999878,25141500,APPLE
21-02-2024,318.6199951,320.4500122,310.5,313.0499878,32388500,APPLE
24-02-2024,297.2600098,304.1799927,289.230011,298.1799927,55548800,APPLE
25-02-2024,300.9500122,302.5299988,286.1300049,288.0799866,57668400,APPLE
26-02-2024,286.5299988,297.8800049,286.5,292.6499939,49513700,APPLE
27-02-2024,281.1000061,286,272.9599915,273.519989,80151400,APPLE
28-02-2024,257.2600098,278.4100037,256.3699951,273.3599854,106721200,APPLE
02-03-2024,282.2799988,301.4400024,277.7200012,298.8099976,85349300,APPLE
03-03-2024,303.6700134,304,285.7999878,289.3200073,79868900,APPLE
04-03-2024,296.4400024,303.3999939,293.1300049,302.7399902,54794600,APPLE
05-03-2024,295.519989,299.5499878,291.4100037,292.9200134,46893200,APPLE
06-03-2024,282,290.8200073,281.230011,289.0299988,56544200,APPLE
09-03-2024,263.75,278.0899963,263,266.1700134,71686200,APPLE
10-03-2024,277.1400146,286.4400024,269.3699951,285.3399963,71322500,APPLE
11-03-2024,277.3900146,281.2200012,271.8599854,275.4299927,63899700,APPLE
12-03-2024,255.9400024,270,248,248.2299957,104618500,APPLE
13-03-2024,264.8900146,279.9200134,252.9499969,277.9700012,92683000,APPLE
16-03-2024,241.9499969,259.0799866,240,242.2100067,80605900,APPLE
17-03-2024,247.5099945,257.6099854,238.3999939,252.8600006,81014000,APPLE
18-03-2024,239.7700043,250,237.1199951,246.6699982,75058400,APPLE
19-03-2024,247.3899994,252.8399963,242.6100006,244.7799988,67964300,APPLE
20-03-2024,247.1799927,251.8300018,228,229.2400055,100423300,APPLE
23-03-2024,228.0800018,228.5,212.6100006,224.3699951,84188200,APPLE
24-03-2024,236.3600006,247.6900024,234.3000031,246.8800049,71882800,APPLE
25-03-2024,250.75,258.25,244.3000031,245.5200043,75900500,APPLE
26-03-2024,246.5200043,258.6799927,246.3600006,258.4400024,63021800,APPLE
27-03-2024,252.75,255.8699951,247.0500031,247.7400055,51054200,APPLE
30-03-2024,250.7400055,255.5200043,249.3999939,254.8099976,41994100,APPLE
31-03-2024,255.6000061,262.4899902,252,254.2899933,49250500,APPLE
01-04-2024,246.5,248.7200012,239.1300049,240.9100037,43956200,APPLE
